Parse headers,0
Signature verification,2
On-chain call,768
Verify,771
One time Middleware,772
Parse headers,0
Signature verification,2
On-chain call,386
Verify,389
One time Middleware,390
Parse headers,0
Signature verification,2
On-chain call,359
Verify,362
One time Middleware,363
Parse headers,0
Signature verification,2
On-chain call,358
Verify,361
One time Middleware,361
Parse headers,0
Signature verification,2
On-chain call,363
Verify,366
One time Middleware,367
Parse headers,0
Signature verification,2
On-chain call,379
Verify,382
One time Middleware,382
Parse headers,0
Signature verification,2
On-chain call,443
Verify,446
One time Middleware,447
